{
  "routines": [
    {
      "end": "05:59",
      "mode": "BLINK",
      "start": "00:00"
    },
    {
      "end": "08:59",
      "mode": "NORMAL",
      "start": "06:00"
    },
    {
      "end": "11:29",
      "mode": "PEAK",
      "start": "09:00"
    },
    {
      "end": "16:59",
      "mode": "NORMAL",
      "start": "11:30"
    },
    {
      "end": "19:25",
      "mode": "PEAK",
      "start": "17:00"
    },
    {
      "end": "21:59",
      "mode": "NORMAL",
      "start": "19:30"
    },
    {
      "end": "23:59",
      "mode": "BLINK",
      "start": "22:00"
    }
  ],
  "traffic_lights": [
    {
      "amber": 5,
      "green": 25,
      "red": 120,
      "road": "R1"
    },
    {
      "amber": 5,
      "green": 25,
      "red": 120,
      "road": "R2"
    },
    {
      "amber": 5,
      "green": 25,
      "red": 120,
      "road": "R3"
    },
    {
      "amber": 5,
      "green": 25,
      "red": 120,
      "road": "R4"
    },
    {
      "amber": 5,
      "green": 25,
      "red": 120,
      "road": "R5"
    },
    {
      "amber": 5,
      "green": 25,
      "red": 120,
      "road": "R6"
    },
    {
      "road": "R7",
      "green": 25,
      "amber": 5,
      "red": 120
    }
  ]
}